{
  
  "name": "default",
  "globalData": {
    "ambientCoeff": 1,
    "diffuseCoeff": 1,
    "specularCoeff": 1,
    "transparentCoeff": 0
  },
  "cameraData": {
    "position": [
      0,
      7,
      15
    ],
    "up": [
      0,
      1,
      0
    ],
    "heightAngle": 45,
    "look": [
      0,
      -0.431,
      -1
    ]
  },
  "groups": [
    {
      
      "translate": [
        0,
        2.72,
        0
      ],
      "rotate": [
        0,
        1,
        0,
        0
      ],
      "scale": [
        1,
        1,
        1
      ],
      "lights": [
        {
          "type": "point",
          "color": [
            0.8,
            0.6,
            0.4
          ],
          "attenuationCoeff": [
            1,
            0,
            0
          ],
          
          "penumbra": 0,
          "angle": 0,
          "direction": [
            0,
            0,
            0
          ]
        }
      ]
    },
    {
      
      "translate": [
        0,
        -0.18,
        0
      ],
      "rotate": [
        0,
        1,
        0,
        0
      ],
      "scale": [
        20,
        0.2,
        20
      ],
      "primitives": [
        {
          "type": "cube",
          "diffuse": [
            0.7,
            0.9,
            1
          ],
          "specular": [
            1,
            1,
            1
          ],
          "ambient": [
            0.01,
            0.34,
            1
          ],
          "shininess": 1}
      ]
    },
    {
      
      "translate": [
        0,
        0.71,
        0
      ],
      "rotate": [
        0,
        1,
        0,
        0
      ],
      "scale": [
        5,
        0.2,
        5
      ],
      "primitives": [
        {
          "type": "cube",
          "diffuse": [
            0.2,
            0.8,
            0.2
          ],
          "specular": [
            1,
            1,
            1
          ],
          "ambient": [
            0.1,
            0.6,
            0.1
          ],
          "shininess": 1}
      ]
    },
    {
      
      "translate": [
        0,
        0.25,
        0
      ],
      "rotate": [
        0,
        1,
        0,
        0
      ],
      "scale": [
        5,
        0.73,
        5
      ],
      "primitives": [
        {
          "type": "cube",
          "diffuse": [
            0.4,
            0.2,
            0.1
          ],
          "specular": [
            0,
            0,
            0
          ],
          "ambient": [
            0.2,
            0.05,
            0
          ],
          "shininess": 1}
      ]
    }
  ]
}